FACTTABLE_ID,TIME_ID,COMPLAINT_KEY,CUSTOMER_KEY,FLIGHT_KEY,TOTAL_CANCELLED_FLIGHTS,TOTAL_NUMBER_OF_CUSTOMERS,TOTAL_COMPLAINTS,COMPENSATION_AMNT
1,284,81,2,241,0,1,1,0
2,284,39,10,1353,0,1,1,0
3,284,105,6,156,0,1,1,0
4,284,7,1,1014,0,1,1,0
5,128,75,9,5080,0,1,1,0
6,284,66,1,1367,0,1,1,0
7,284,9,7,597,0,1,1,0
8,284,16,2,1263,0,1,1,0
9,284,97,7,272,1,1,1,0
10,46,101,8,5068,1,1,1,0
11,284,101,8,651,0,1,1,0
12,284,103,10,414,0,1,1,0
13,284,62,9,82,0,1,1,0
14,284,65,1,2631,0,1,1,0
15,284,50,3,248,0,1,1,0
16,284,31,5,864,0,1,1,0
17,284,65,1,1323,0,1,1,0
18,284,6,2,2288,1,1,1,0
19,128,29,7,5079,0,1,1,0
20,284,64,4,1673,0,1,1,0
21,284,73,6,31,0,1,1,0
22,284,49,8,893,0,1,1,0
23,284,101,8,1881,0,1,1,0
24,284,14,11,247,0,1,1,0
25,284,64,4,878,0,1,1,0
26,284,70,3,784,0,1,1,0
27,284,84,1,313,0,1,1,0
28,284,95,6,3347,0,1,1,0
29,284,94,11,336,0,1,1,0
30,284,1,11,347,0,1,1,0
31,284,15,2,319,0,1,1,0
32,284,88,1,362,1,1,1,0
33,284,22,10,865,0,1,1,0
34,284,6,2,1523,1,1,1,0
35,284,71,3,171,0,1,1,0
36,284,76,1,279,0,1,1,700
37,284,48,6,311,0,1,1,0
38,284,23,10,801,0,1,1,0
39,284,8,5,187,0,1,1,0
40,284,93,6,311,0,1,1,0
41,284,50,3,784,0,1,1,0
42,284,20,6,824,0,1,1,0
43,284,28,10,19,0,1,1,0
44,284,17,7,1070,0,1,1,100
45,284,96,5,2910,0,1,1,0
46,284,72,9,284,0,1,1,0
47,284,55,3,293,0,1,1,0
48,284,90,2,577,0,1,1,0
49,284,52,11,56,0,1,1,0
50,284,13,9,2228,0,1,1,0
51,284,16,2,3355,0,1,1,0
52,284,80,6,877,0,1,1,500
53,284,37,5,3208,0,1,1,0
54,284,9,7,1656,0,1,1,0
55,80,2,5,5063,0,1,1,0
56,284,40,5,106,0,1,1,0
57,284,33,5,523,0,1,1,0
58,284,60,1,1077,0,1,1,0
59,284,21,2,330,0,1,1,0
60,284,47,10,1085,0,1,1,0
61,284,26,11,1642,0,1,1,0
62,284,59,1,626,0,1,1,5000
63,284,92,10,1386,0,1,1,0
64,284,26,11,1741,0,1,1,0
65,284,42,4,278,0,1,1,0
66,284,23,10,590,0,1,1,0
67,284,27,3,2666,0,1,1,600
68,284,92,10,299,0,1,1,0
69,343,37,5,5054,0,1,1,0
70,284,100,9,27,0,1,1,0
71,284,87,1,1025,0,1,1,0
72,284,11,1,1132,0,1,1,0
73,284,92,10,1320,0,1,1,0
74,284,13,9,2691,0,1,1,0
75,284,66,1,1187,0,1,1,0
76,284,66,1,3393,0,1,1,0
77,236,4,5,5000,0,1,1,0
78,284,66,1,1878,0,1,1,0
79,284,90,2,443,0,1,1,0
80,284,104,1,1555,0,1,1,0
81,284,9,7,1915,1,1,1,0
82,284,58,8,2889,0,1,1,0
83,83,8,5,5081,0,1,1,0
84,284,26,11,3317,0,1,1,0
85,92,78,1,4993,0,1,1,0
86,284,31,5,589,1,1,1,0
87,284,13,9,2952,0,1,1,0
88,284,61,8,1348,0,1,1,0
89,284,104,1,2864,0,1,1,0
90,284,97,7,195,0,1,1,0
91,349,77,3,5005,0,1,1,0
92,284,31,5,51,0,1,1,0
93,284,29,7,283,0,1,1,0
94,284,34,9,2228,0,1,1,0
95,183,19,6,5016,0,1,1,0
96,284,41,1,224,0,1,1,0
97,284,59,1,901,0,1,1,5000
98,284,95,6,1064,0,1,1,0
99,284,102,9,38,0,1,1,0
100,284,101,8,585,0,1,1,0
101,284,46,11,869,0,1,1,0
102,284,66,1,1506,0,1,1,0
103,284,55,3,450,0,1,1,0
104,284,102,9,240,0,1,1,0
105,284,99,3,450,0,1,1,0
106,284,82,10,1265,0,1,1,0
107,284,15,2,566,0,1,1,0
108,284,17,7,1371,0,1,1,100
109,284,5,1,846,0,1,1,0
110,284,21,2,297,0,1,1,0
111,284,29,7,619,0,1,1,0
112,284,76,1,747,0,1,1,700
113,284,71,3,337,0,1,1,0
114,284,6,2,1895,0,1,1,0
115,92,41,1,4993,0,1,1,0
116,284,42,4,825,0,1,1,0
117,284,5,1,362,1,1,1,0
118,284,92,10,2099,0,1,1,0
119,284,50,3,450,0,1,1,0
120,225,84,1,5021,0,1,1,0
121,284,51,5,589,1,1,1,0
122,128,62,9,5080,0,1,1,0
123,284,74,8,135,0,1,1,0
124,284,16,2,511,0,1,1,0
125,284,41,1,313,0,1,1,0
126,284,11,1,2091,0,1,1,0
127,284,14,11,5076,0,1,1,0
128,284,43,6,322,0,1,1,0
129,284,67,4,1794,0,1,1,0
130,284,54,3,304,0,1,1,0
131,284,91,11,2742,0,1,1,0
132,92,84,1,4993,0,1,1,0
133,284,36,7,1305,0,1,1,100
134,284,76,1,681,0,1,1,700
135,156,29,7,5089,0,1,1,0
136,284,21,2,241,0,1,1,0
137,284,91,11,2158,0,1,1,0
138,284,61,8,2457,0,1,1,0
139,284,46,11,122,0,1,1,0
140,284,64,4,394,0,1,1,0
141,284,12,1,1878,0,1,1,0
142,284,12,1,1088,0,1,1,0
143,284,25,3,270,0,1,1,0
144,284,54,3,1380,0,1,1,0
145,284,57,1,1555,0,1,1,0
146,284,75,9,16,0,1,1,0
147,284,33,5,2439,0,1,1,0
148,284,9,7,3139,0,1,1,0
149,284,100,9,565,0,1,1,0
150,284,61,8,1892,0,1,1,0
151,284,95,6,2243,0,1,1,0
152,284,6,2,764,0,1,1,0
153,284,58,8,451,0,1,1,0
154,284,9,7,2260,0,1,1,0
155,284,92,10,2705,0,1,1,0
156,284,85,8,829,0,1,1,0
157,284,62,9,831,0,1,1,0
158,284,26,11,1806,0,1,1,0
159,284,2,5,977,0,1,1,0
160,284,39,10,1195,0,1,1,0
161,284,92,10,3379,0,1,1,0
162,284,95,6,344,0,1,1,0
163,284,84,1,901,0,1,1,0
164,284,74,8,473,0,1,1,0
165,284,45,2,105,0,1,1,500
166,284,65,1,1517,0,1,1,0
167,284,17,7,2613,0,1,1,100
168,284,61,8,935,0,1,1,0
169,284,57,1,1378,0,1,1,0
170,284,17,7,1831,0,1,1,100
171,284,9,7,3183,0,1,1,0
172,284,77,3,2,0,1,1,0
173,284,6,2,555,0,1,1,0
174,284,44,3,870,0,1,1,0
175,225,41,1,5021,0,1,1,0
176,156,62,9,5090,0,1,1,0
177,284,26,11,314,0,1,1,0
178,284,27,3,2423,0,1,1,600
179,284,69,10,3454,0,1,1,0
180,284,68,4,10,0,1,1,0
181,284,52,11,258,0,1,1,0
182,284,40,5,331,0,1,1,0
183,284,67,4,1120,0,1,1,0
184,284,47,10,2334,0,1,1,0
185,284,51,5,117,0,1,1,0
186,284,75,9,207,0,1,1,0
187,284,4,5,298,0,1,1,0
188,284,48,6,415,0,1,1,0
189,284,26,11,627,0,1,1,0
190,284,91,11,726,0,1,1,0
191,284,7,1,1506,0,1,1,0
192,284,34,9,884,0,1,1,0
193,284,87,1,1967,0,1,1,0
194,284,76,1,2719,0,1,1,700
195,284,19,6,602,0,1,1,0
196,284,56,7,830,0,1,1,0
197,284,81,2,852,0,1,1,0
198,284,30,4,1256,0,1,1,0
199,284,82,10,2716,0,1,1,0
200,284,95,6,1332,0,1,1,0
201,284,58,8,249,0,1,1,0
202,284,53,11,100,0,1,1,0
203,284,47,10,1011,0,1,1,0
204,284,3,10,1552,0,1,1,0
205,284,43,6,426,0,1,1,0
206,284,41,1,837,0,1,1,0
207,284,104,1,3001,0,1,1,0
208,284,84,1,837,0,1,1,0
209,284,54,3,35,0,1,1,0
210,284,27,3,1851,0,1,1,600
211,284,64,4,2003,0,1,1,0
212,284,42,4,142,0,1,1,0
213,284,94,11,111,0,1,1,0
214,284,56,7,217,0,1,1,0
215,284,58,8,1580,0,1,1,0
216,284,45,2,241,0,1,1,500
217,284,103,10,310,0,1,1,0
218,284,92,10,645,0,1,1,0
219,284,10,2,1274,0,1,1,0
220,284,95,6,657,0,1,1,0
221,284,6,2,2086,0,1,1,0
222,284,32,6,1909,0,1,1,0
223,284,22,10,381,0,1,1,0
224,284,47,10,929,0,1,1,0
225,284,82,10,2782,0,1,1,0
226,284,89,2,186,0,1,1,0
227,284,101,8,249,0,1,1,0
228,284,91,11,2092,0,1,1,0
229,284,88,1,302,0,1,1,0
230,284,80,6,393,0,1,1,500
231,284,11,1,2201,0,1,1,0
232,284,59,1,22,0,1,1,5000
233,284,64,4,1278,0,1,1,0
234,284,76,1,1431,0,1,1,700
235,284,80,6,266,0,1,1,500
236,366,7,1,5066,0,1,1,0
237,284,94,11,170,0,1,1,0
238,284,27,3,956,0,1,1,600
239,284,18,1,121,0,1,1,0
240,284,100,9,906,0,1,1,0
241,284,101,8,1047,0,1,1,0
242,284,104,1,1378,0,1,1,0
243,46,58,8,5068,1,1,1,0
244,284,64,4,469,0,1,1,0
245,284,94,11,292,0,1,1,0
246,284,81,2,777,0,1,1,0
247,284,53,11,847,0,1,1,0
248,284,13,9,1350,0,1,1,0
249,284,95,6,53,0,1,1,0
250,284,38,5,298,0,1,1,0
251,284,89,2,127,0,1,1,0
252,70,40,5,5092,0,1,1,0
253,284,77,3,193,0,1,1,0
254,284,7,1,1989,0,1,1,0
255,284,49,8,282,0,1,1,0
256,284,44,3,348,0,1,1,0
257,284,13,9,273,0,1,1,0
258,284,60,1,1707,0,1,1,0
259,324,70,3,5087,0,1,1,0
260,284,54,3,639,0,1,1,0
261,284,45,2,443,0,1,1,500
262,284,91,11,2422,0,1,1,0
263,284,61,8,3226,0,1,1,0
264,284,66,1,2113,0,1,1,0
265,284,40,5,778,0,1,1,0
266,284,26,11,225,0,1,1,0
267,284,82,10,2584,0,1,1,0
268,284,30,4,713,0,1,1,0
269,284,3,10,1364,0,1,1,0
270,284,61,8,3270,0,1,1,0
271,284,92,10,41,0,1,1,0
272,284,27,3,1486,0,1,1,600
273,284,10,2,1713,0,1,1,0
274,284,57,1,2864,0,1,1,0
275,284,39,10,1715,0,1,1,0
276,284,34,9,2184,0,1,1,0
277,284,21,2,164,0,1,1,0
278,284,94,11,247,0,1,1,0
279,284,36,7,1246,0,1,1,100
280,178,51,5,5014,0,1,1,0
281,284,53,11,325,0,1,1,0
282,284,101,8,913,0,1,1,0
283,191,88,1,5017,0,1,1,0
284,284,95,6,591,0,1,1,0
285,284,32,6,1749,0,1,1,0
286,284,32,6,2794,0,1,1,0
287,89,16,2,5111,0,1,1,0
288,284,29,7,410,0,1,1,0
289,284,64,4,1109,0,1,1,0
290,284,34,9,3086,0,1,1,0
291,284,60,1,406,0,1,1,0
292,284,90,2,368,0,1,1,0
293,284,76,1,202,0,1,1,700
294,284,105,6,360,0,1,1,0
295,284,2,5,3422,0,1,1,0
296,284,82,10,513,0,1,1,0
297,284,53,11,772,0,1,1,0
298,284,26,11,2404,0,1,1,0
299,284,61,8,2579,0,1,1,0
300,150,39,10,5073,0,1,1,0
301,284,18,1,55,0,1,1,0
302,284,60,1,202,0,1,1,0
303,364,101,8,5108,0,1,1,0
304,284,95,6,2494,0,1,1,0
305,284,37,5,3252,0,1,1,0
306,68,52,11,4994,0,1,1,0
307,284,2,5,2142,0,1,1,0
308,284,61,8,1282,0,1,1,0
309,284,78,1,626,0,1,1,0
310,80,96,5,5063,0,1,1,0
311,284,50,3,650,0,1,1,0
312,284,91,11,1269,0,1,1,0
313,284,65,1,1409,0,1,1,0
314,284,80,6,64,0,1,1,500
315,284,53,11,572,0,1,1,0
316,284,96,5,2142,0,1,1,0
317,284,22,10,177,0,1,1,0
318,284,11,1,2348,0,1,1,0
319,284,2,5,512,0,1,1,0
320,284,96,5,3356,0,1,1,0
321,284,34,9,5,0,1,1,0
322,284,43,6,233,0,1,1,0
323,284,33,5,2547,0,1,1,0
324,284,91,11,2665,0,1,1,0
325,284,39,10,3176,0,1,1,0
326,284,70,3,375,0,1,1,0
327,284,55,3,337,0,1,1,0
328,284,66,1,2886,0,1,1,0
329,284,31,5,789,0,1,1,0
330,284,101,8,294,0,1,1,0
331,284,16,2,2299,0,1,1,0
332,284,11,1,921,0,1,1,0
333,284,49,8,80,0,1,1,0
334,284,58,8,3396,0,1,1,0
335,284,12,1,1577,0,1,1,0
336,284,95,6,2977,0,1,1,0
337,284,100,9,93,0,1,1,0
338,284,46,11,56,0,1,1,0
339,284,38,5,40,0,1,1,0
340,284,75,9,486,0,1,1,0
341,284,78,1,492,0,1,1,0
342,284,54,3,562,0,1,1,0
343,284,80,6,189,0,1,1,500
344,284,86,2,1572,0,1,1,0
345,284,96,5,2252,0,1,1,0
346,284,32,6,3177,0,1,1,0
347,284,99,3,584,0,1,1,0
348,284,36,7,2084,0,1,1,100
349,284,70,3,171,0,1,1,0
350,284,64,4,267,0,1,1,0
351,284,72,9,411,0,1,1,0
352,284,86,2,1779,0,1,1,0
353,364,58,8,5108,0,1,1,0
354,284,93,6,415,0,1,1,0
355,284,21,2,443,0,1,1,0
356,284,7,1,1187,0,1,1,0
357,284,3,10,951,0,1,1,0
358,284,33,5,1275,0,1,1,0
359,284,9,7,2308,0,1,1,0
360,284,37,5,2439,0,1,1,0
361,284,99,3,375,0,1,1,0
362,284,65,1,505,0,1,1,0
363,284,27,3,3373,0,1,1,600
364,284,15,2,841,0,1,1,0
365,284,96,5,1637,0,1,1,0
366,284,64,4,1932,0,1,1,0
367,284,55,3,584,0,1,1,0
368,284,33,5,732,0,1,1,0
369,284,26,11,2588,0,1,1,0
370,284,93,6,86,0,1,1,0
371,284,81,2,297,0,1,1,0
372,284,39,10,535,0,1,1,0
373,284,17,7,1246,0,1,1,100
374,284,58,8,1047,0,1,1,0
375,284,2,5,1264,0,1,1,0
376,284,12,1,1751,0,1,1,0
377,284,37,5,2943,0,1,1,0
378,181,71,3,5019,0,1,1,0
379,284,62,9,895,0,1,1,0
380,284,100,9,318,0,1,1,0
381,284,43,6,844,0,1,1,0
382,284,22,10,52,0,1,1,0
383,284,91,11,2191,0,1,1,0
384,284,68,4,889,0,1,1,0
385,284,34,9,1403,1,1,1,0
386,236,40,5,5000,0,1,1,0
387,284,22,10,456,0,1,1,0
388,284,101,8,1326,0,1,1,0
389,86,100,9,4998,0,1,1,0
390,284,56,7,485,0,1,1,0
391,284,101,8,1580,0,1,1,0
392,284,13,9,3086,0,1,1,0
393,284,89,2,390,0,1,1,0
394,284,96,5,1834,0,1,1,0
395,284,87,1,1442,0,1,1,0
396,284,34,9,2691,0,1,1,0
397,284,97,7,70,0,1,1,0
398,284,80,6,668,0,1,1,500
399,284,91,11,1335,1,1,1,0
400,284,40,5,40,0,1,1,0
401,284,96,5,2300,0,1,1,0
402,284,50,3,293,0,1,1,0
403,284,70,3,650,0,1,1,0
404,284,87,1,1198,0,1,1,0
405,284,58,8,2623,0,1,1,0
406,284,69,10,3275,0,1,1,0
407,284,66,1,1301,0,1,1,0
408,366,66,1,5066,0,1,1,0
409,284,46,11,181,0,1,1,0
410,284,41,1,417,0,1,1,0
411,284,51,5,655,0,1,1,0
412,284,94,11,374,0,1,1,0
413,284,45,2,852,0,1,1,500
414,284,20,6,277,0,1,1,0
415,284,74,8,607,0,1,1,0
416,284,7,1,692,0,1,1,0
417,284,9,7,1092,0,1,1,0
418,284,104,1,1762,0,1,1,0
419,284,17,7,3117,0,1,1,100
420,284,72,9,82,0,1,1,0
421,284,84,1,213,0,1,1,0
422,284,73,6,322,0,1,1,0
423,284,33,5,1341,0,1,1,0
424,145,6,2,5071,0,1,1,0
425,284,66,1,976,0,1,1,0
426,284,39,10,2367,0,1,1,0
427,284,65,1,2968,0,1,1,0
428,366,12,1,5066,0,1,1,0
429,284,11,1,2037,0,1,1,0
430,284,98,3,2394,0,1,1,0
431,284,9,7,184,0,1,1,0
432,284,65,1,910,0,1,1,0
433,284,94,11,449,0,1,1,0
434,284,99,3,784,0,1,1,0
435,284,70,3,337,0,1,1,0
436,284,97,7,674,0,1,1,0
437,284,15,2,153,0,1,1,0
438,284,8,5,264,0,1,1,0
439,284,103,10,85,0,1,1,0
440,284,67,4,1300,0,1,1,0
441,284,91,11,1100,0,1,1,0
442,284,70,3,450,0,1,1,0
443,284,88,1,33,0,1,1,0
444,284,74,8,882,0,1,1,0
445,349,25,3,5005,0,1,1,0
446,284,28,10,85,0,1,1,0
447,284,4,5,644,0,1,1,0
448,284,38,5,644,0,1,1,0
449,284,2,5,1469,0,1,1,0
450,284,19,6,189,0,1,1,0
451,284,94,11,649,0,1,1,0
452,284,34,9,196,0,1,1,0
453,284,3,10,1022,0,1,1,0
454,284,91,11,2202,0,1,1,0
455,56,15,2,5013,0,1,1,0
456,284,26,11,214,0,1,1,0
457,284,19,6,393,0,1,1,0
458,284,60,1,890,0,1,1,0
459,181,50,3,5019,0,1,1,0
460,284,34,9,475,0,1,1,0
461,284,9,7,125,0,1,1,0
462,284,54,3,705,0,1,1,0
463,284,74,8,69,0,1,1,0
464,284,100,9,422,0,1,1,0
465,284,64,4,735,0,1,1,0
466,284,58,8,860,0,1,1,0
467,284,26,11,2555,0,1,1,0
468,284,41,1,626,0,1,1,0
469,284,61,8,1520,0,1,1,0
470,284,39,10,2793,0,1,1,0
471,284,9,7,388,0,1,1,0
472,284,69,10,513,0,1,1,0
473,284,103,10,898,0,1,1,0
474,284,50,3,859,0,1,1,0
475,284,7,1,1751,0,1,1,0
476,284,7,1,2113,0,1,1,0
477,284,12,1,2620,0,1,1,0
478,284,81,2,368,0,1,1,0
479,284,34,9,2768,0,1,1,0
480,284,60,1,826,0,1,1,0
481,284,66,1,1088,0,1,1,0
482,284,76,1,1356,0,1,1,700
483,284,95,6,723,0,1,1,0
484,349,19,6,5006,0,1,1,0
485,284,104,1,1025,0,1,1,0
486,284,15,2,423,0,1,1,0
487,46,17,7,5069,0,1,1,100
488,284,92,10,854,0,1,1,0
489,284,78,1,417,0,1,1,0
490,284,37,5,2011,0,1,1,0
491,284,44,3,461,0,1,1,0
492,284,23,10,790,0,1,1,0
493,263,97,7,5031,0,1,1,0
494,284,14,11,649,0,1,1,0
495,284,27,3,2093,0,1,1,600
496,284,69,10,2584,0,1,1,0
497,284,6,2,2130,0,1,1,0
498,284,17,7,3161,0,1,1,100
499,284,100,9,229,0,1,1,0
500,284,55,3,248,0,1,1,0
501,284,49,8,14,0,1,1,0
502,284,70,3,859,0,1,1,0
503,284,43,6,360,0,1,1,0
504,284,105,6,844,0,1,1,0
505,284,37,5,1394,0,1,1,0
506,284,37,5,928,0,1,1,0
507,284,26,11,902,0,1,1,0
508,284,65,1,2124,0,1,1,0
509,284,11,1,2190,0,1,1,0
510,284,61,8,2777,0,1,1,0
511,284,76,1,1143,0,1,1,700
512,284,17,7,1537,0,1,1,100
513,156,56,7,5089,0,1,1,0
514,284,29,7,485,0,1,1,0
515,284,15,2,907,0,1,1,0
516,284,26,11,1177,0,1,1,0
517,284,90,2,105,0,1,1,0
518,284,34,9,2064,0,1,1,0
519,284,32,6,2368,0,1,1,0
520,284,101,8,1017,0,1,1,0
521,284,12,1,1989,0,1,1,0
522,284,64,4,1629,0,1,1,0
523,284,47,10,2012,0,1,1,0
524,236,38,5,5000,0,1,1,0
525,284,7,1,1301,0,1,1,0
526,284,40,5,298,0,1,1,0
527,284,54,3,945,0,1,1,0
528,284,98,3,1358,0,1,1,0
529,217,93,6,5084,0,1,1,0
530,284,68,4,825,0,1,1,0
531,284,42,4,889,0,1,1,0
532,284,53,11,159,0,1,1,0
533,284,76,1,481,0,1,1,700
534,284,67,4,2597,0,1,1,0
535,324,50,3,5087,0,1,1,0
536,284,92,10,107,0,1,1,0
537,284,95,6,2390,0,1,1,0
538,284,29,7,81,0,1,1,0
539,284,13,9,2342,0,1,1,0
540,284,78,1,213,0,1,1,0
541,284,101,8,338,0,1,1,0
542,284,54,3,1314,0,1,1,0
543,284,14,11,170,0,1,1,0
544,284,44,3,595,0,1,1,0
545,284,66,1,758,0,1,1,0
546,284,42,4,405,0,1,1,0
547,284,91,11,517,0,1,1,0
548,284,65,1,2518,0,1,1,0
549,284,2,5,2910,0,1,1,0
550,284,44,3,182,0,1,1,0
551,284,86,2,2881,0,1,1,0
552,284,88,1,235,0,1,1,0
553,284,36,7,553,0,1,1,100
554,284,91,11,2038,0,1,1,0
555,284,87,1,769,0,1,1,0
556,284,26,11,550,0,1,1,0
557,284,27,3,1270,0,1,1,600
558,284,86,2,1318,0,1,1,0
559,56,94,11,5096,0,1,1,0
560,284,18,1,384,0,1,1,0
561,284,55,3,795,0,1,1,0
562,323,32,6,5036,0,1,1,0
563,284,53,11,303,0,1,1,0
564,284,86,2,709,0,1,1,0
565,284,14,11,794,0,1,1,0
566,284,87,1,1312,0,1,1,0
567,217,95,6,5083,0,1,1,0
568,284,26,11,89,0,1,1,0
569,284,80,6,602,0,1,1,500
570,284,91,11,922,0,1,1,0
571,284,26,11,23,0,1,1,0
572,284,19,6,468,0,1,1,0
573,284,22,10,790,0,1,1,0
574,284,71,3,795,0,1,1,0
575,284,21,2,577,0,1,1,0
576,284,19,6,813,0,1,1,0
577,284,5,1,437,0,1,1,0
578,284,92,10,1857,0,1,1,0
579,284,35,4,636,0,1,1,0
580,284,37,5,2055,0,1,1,0
581,284,89,2,263,0,1,1,0
582,284,56,7,410,0,1,1,0
583,284,17,7,762,0,1,1,100
584,284,87,1,2864,0,1,1,0
585,284,31,5,380,0,1,1,0
586,284,40,5,853,0,1,1,0
587,284,58,8,172,0,1,1,0
588,284,97,7,608,0,1,1,0
589,284,36,7,1537,0,1,1,100
590,284,21,2,643,0,1,1,0
591,284,85,8,484,0,1,1,0
592,284,38,5,853,0,1,1,0
593,284,23,10,381,0,1,1,0
594,46,36,7,5069,0,1,1,100
595,284,19,6,266,0,1,1,0
596,284,21,2,368,0,1,1,0
597,284,76,1,1290,0,1,1,700
598,284,64,4,2751,0,1,1,0
599,284,14,11,336,0,1,1,0
600,284,84,1,626,0,1,1,0
601,284,9,7,808,0,1,1,0
602,284,33,5,1747,0,1,1,0
603,284,93,6,211,0,1,1,0
604,284,63,1,213,0,1,1,0
605,284,99,3,650,0,1,1,0
606,284,102,9,851,0,1,1,0
607,284,40,5,578,0,1,1,0
608,284,13,9,741,0,1,1,0
609,284,13,9,475,0,1,1,0
610,284,9,7,2480,1,1,1,0
611,284,99,3,795,0,1,1,0
612,284,58,8,913,0,1,1,0
613,284,63,1,147,0,1,1,0
614,284,67,4,3500,0,1,1,0
615,284,91,11,2926,0,1,1,0
616,284,96,5,2986,0,1,1,0
617,284,90,2,297,0,1,1,0
618,284,17,7,2846,0,1,1,100
619,131,54,3,5009,0,1,1,0
620,284,69,10,1265,0,1,1,0
621,284,14,11,583,0,1,1,0
622,284,34,9,400,0,1,1,0
623,284,20,6,613,0,1,1,0
624,284,81,2,643,0,1,1,0
625,284,81,2,443,0,1,1,0
626,284,7,1,1367,0,1,1,0
627,284,75,9,895,0,1,1,0
628,284,66,1,1577,0,1,1,0
629,284,47,10,2760,0,1,1,0
630,284,99,3,859,0,1,1,0
631,284,73,6,300,0,1,1,0
632,284,99,3,112,0,1,1,0
633,284,99,3,337,0,1,1,0
634,284,16,2,916,0,1,1,0
635,284,2,5,2252,0,1,1,0
636,284,60,1,681,0,1,1,0
637,284,101,8,717,0,1,1,0
638,284,36,7,1949,0,1,1,100
639,284,63,1,492,0,1,1,0
640,284,96,5,2503,0,1,1,0
641,284,33,5,2943,0,1,1,0
642,284,16,2,1647,0,1,1,0
643,284,33,5,2175,0,1,1,0
644,284,101,8,2623,0,1,1,0
645,284,76,1,2785,0,1,1,700
646,284,64,4,526,0,1,1,0
647,284,73,6,97,0,1,1,0
648,284,27,3,1038,0,1,1,600
649,284,45,2,577,0,1,1,500
650,284,9,7,3430,0,1,1,0
651,284,40,5,444,0,1,1,0
652,284,92,10,711,0,1,1,0
653,349,80,6,5006,0,1,1,500
654,284,18,1,868,0,1,1,0
655,284,7,1,1088,0,1,1,0
656,284,87,1,3338,0,1,1,0
657,284,88,1,846,0,1,1,0
658,284,2,5,2472,0,1,1,0
659,241,26,11,5018,1,1,1,0
660,284,64,4,2539,0,1,1,0
661,284,33,5,2759,0,1,1,0
662,284,104,1,3338,0,1,1,0
663,284,59,1,224,0,1,1,5000
664,284,10,2,2365,0,1,1,0
665,284,71,3,450,0,1,1,0
666,284,37,5,1341,0,1,1,0
667,284,39,10,1151,0,1,1,0
668,284,103,10,287,0,1,1,0
669,284,63,1,22,0,1,1,0
670,284,9,7,1272,0,1,1,0
671,284,95,6,2291,0,1,1,0
672,284,20,6,404,0,1,1,0
673,284,47,10,2683,0,1,1,0
674,284,47,10,973,0,1,1,0
675,284,26,11,3024,0,1,1,0
676,324,48,6,5002,0,1,1,0
677,284,101,8,451,0,1,1,0
678,284,48,6,222,0,1,1,0
679,284,90,2,241,0,1,1,0
680,284,103,10,221,0,1,1,0
681,284,4,5,242,0,1,1,0
682,284,73,6,844,0,1,1,0
683,284,69,10,2716,0,1,1,0
684,284,23,10,343,0,1,1,0
685,284,34,9,1284,0,1,1,0
686,284,47,10,1342,0,1,1,0
687,284,62,9,16,0,1,1,0
688,284,64,4,1461,0,1,1,0
689,284,16,2,3087,0,1,1,0
690,284,56,7,15,0,1,1,0
691,284,77,3,134,0,1,1,0
692,284,81,2,164,0,1,1,0
693,284,7,1,758,0,1,1,0
694,92,59,1,4993,0,1,1,5000
695,343,33,5,5054,0,1,1,0
696,284,68,4,480,0,1,1,0
697,29,98,3,5049,0,1,1,0
698,284,60,1,538,0,1,1,0
699,284,15,2,632,0,1,1,0
700,284,60,1,2785,0,1,1,0
701,21,88,1,5027,0,1,1,0
702,284,80,6,468,0,1,1,500
703,284,42,4,614,0,1,1,0
704,284,36,7,2613,0,1,1,100
705,21,53,11,5028,0,1,1,0
706,284,73,6,233,0,1,1,0
707,284,20,6,479,0,1,1,0
708,284,33,5,928,0,1,1,0
709,284,12,1,549,0,1,1,0
710,284,6,2,2387,0,1,1,0
711,284,82,10,3165,0,1,1,0
712,284,95,6,255,0,1,1,0
713,284,34,9,532,0,1,1,0
714,284,82,10,3454,0,1,1,0
715,284,51,5,253,0,1,1,0
716,284,39,10,2727,0,1,1,0
717,284,42,4,10,0,1,1,0
718,284,67,4,3145,0,1,1,0
719,284,60,1,3168,0,1,1,0
720,284,97,7,136,0,1,1,0
721,284,87,1,560,0,1,1,0
722,284,16,2,2251,0,1,1,0
723,284,47,10,1276,0,1,1,0
724,284,69,10,2782,0,1,1,0
725,284,94,11,783,0,1,1,0
726,284,6,2,2898,0,1,1,0
727,284,16,2,3240,0,1,1,0
728,284,32,6,3287,0,1,1,0
729,284,37,5,1275,0,1,1,0
730,284,37,5,1747,0,1,1,0
731,284,84,1,88,0,1,1,0
732,284,101,8,1754,0,1,1,0
733,284,55,3,859,0,1,1,0
734,284,82,10,3231,0,1,1,0
735,284,20,6,200,0,1,1,0
736,284,104,1,703,0,1,1,0
737,284,104,1,1154,0,1,1,0
738,284,22,10,656,0,1,1,0
739,284,101,8,785,0,1,1,0
740,284,26,11,759,0,1,1,0
741,284,91,11,2959,0,1,1,0
742,192,22,10,5093,0,1,1,0
743,284,70,3,46,0,1,1,0
744,284,95,6,119,0,1,1,0
745,284,88,1,158,0,1,1,0
746,284,36,7,2846,0,1,1,100
747,284,95,6,919,0,1,1,0
748,284,5,1,235,0,1,1,0
749,284,92,10,1254,0,1,1,0
750,284,13,9,2448,0,1,1,0
751,284,22,10,118,0,1,1,0
752,284,49,8,205,0,1,1,0
753,284,95,6,802,0,1,1,0
754,284,33,5,3252,0,1,1,0
755,284,70,3,112,0,1,1,0
756,284,3,10,989,0,1,1,0
757,284,27,3,2927,0,1,1,600
758,284,91,11,3372,0,1,1,0
759,284,37,5,732,0,1,1,0
760,284,26,11,1221,0,1,1,0
761,284,47,10,2176,0,1,1,0
762,284,64,4,2431,0,1,1,0
763,284,67,4,757,0,1,1,0
764,284,42,4,76,0,1,1,0
765,284,57,1,1025,0,1,1,0
766,284,97,7,819,0,1,1,0
767,186,16,2,5053,0,1,1,0
768,284,38,5,165,0,1,1,0
769,284,94,11,858,0,1,1,0
770,284,3,10,1846,0,1,1,0
771,78,3,10,5055,0,1,1,0
772,284,52,11,181,0,1,1,0
773,284,73,6,156,0,1,1,0
774,284,86,2,3388,0,1,1,0
775,284,84,1,22,0,1,1,0
776,284,37,5,523,0,1,1,0
777,284,51,5,51,0,1,1,0
778,284,43,6,300,0,1,1,0
779,284,94,11,794,0,1,1,0
780,284,1,11,869,0,1,1,0
781,225,20,6,5020,0,1,1,0
782,284,64,4,190,0,1,1,0
783,181,70,3,5019,0,1,1,0
784,284,65,1,3404,0,1,1,0
785,284,87,1,1762,0,1,1,0
786,284,67,4,3134,0,1,1,0
787,284,4,5,444,0,1,1,0
788,284,12,1,1187,0,1,1,0
789,284,27,3,2317,0,1,1,600
790,284,91,11,1923,0,1,1,0
791,56,14,11,5096,0,1,1,0
792,284,95,6,382,0,1,1,0
793,284,67,4,3047,0,1,1,0
794,284,37,5,1117,0,1,1,0
795,284,9,7,729,0,1,1,0
796,284,26,11,427,0,1,1,0
797,284,27,3,994,0,1,1,600
798,284,56,7,206,0,1,1,0
799,284,46,11,347,0,1,1,0
800,273,53,11,5008,0,1,1,0
801,284,76,1,143,0,1,1,700
802,284,84,1,147,0,1,1,0
803,284,95,6,866,0,1,1,0
804,284,64,4,2211,0,1,1,0
805,284,37,5,2219,0,1,1,0
806,284,2,5,3356,0,1,1,0
807,284,20,6,141,0,1,1,0
808,284,16,2,2141,0,1,1,0
809,284,67,4,691,0,1,1,0
810,284,65,1,714,0,1,1,0
811,284,98,3,1829,0,1,1,0
812,284,96,5,3088,0,1,1,0
813,284,27,3,1411,0,1,1,600
814,284,16,2,2471,0,1,1,0
815,284,64,4,2935,0,1,1,0
816,284,62,9,284,0,1,1,0
817,284,6,2,2460,0,1,1,0
818,284,98,3,1292,0,1,1,0
819,284,104,1,560,0,1,1,0
820,284,88,1,637,0,1,1,0
821,284,7,1,976,0,1,1,0
822,284,54,3,1546,0,1,1,0
823,284,104,1,1718,0,1,1,0
824,284,9,7,3074,0,1,1,0
825,284,13,9,3239,0,1,1,0
826,284,52,11,122,0,1,1,0
827,284,88,1,571,0,1,1,0
828,284,23,10,656,0,1,1,0
829,284,58,8,2116,0,1,1,0
830,284,22,10,254,0,1,1,0
831,284,10,2,1340,0,1,1,0
832,284,96,5,512,0,1,1,0
833,284,38,5,578,0,1,1,0
834,284,95,6,2901,0,1,1,0
835,284,5,1,33,0,1,1,0
836,284,50,3,46,0,1,1,0
837,284,33,5,2333,0,1,1,0
838,284,86,2,3076,0,1,1,0
839,284,26,11,493,0,1,1,0
840,284,27,3,727,0,1,1,600
841,284,31,5,455,0,1,1,0
842,284,35,4,570,0,1,1,0
843,284,54,3,1475,0,1,1,0
844,242,65,1,5047,0,1,1,0
845,225,63,1,5021,0,1,1,0
846,284,78,1,88,0,1,1,0
847,284,58,8,47,0,1,1,0
848,284,91,11,2316,0,1,1,0
849,284,5,1,637,0,1,1,0
850,284,63,1,901,0,1,1,0
851,284,70,3,584,0,1,1,0
852,324,99,3,5087,0,1,1,0
853,284,71,3,650,0,1,1,0
854,284,95,6,2640,0,1,1,0
855,284,64,4,2674,0,1,1,0
856,90,47,10,5045,0,1,1,0
857,284,46,11,258,0,1,1,0
858,324,55,3,5087,0,1,1,0
859,284,28,10,310,0,1,1,0
860,284,65,1,2000,0,1,1,0
861,284,7,1,3393,0,1,1,0
862,284,75,9,218,0,1,1,0
863,284,36,7,762,0,1,1,100
864,92,63,1,4993,0,1,1,0
865,284,59,1,313,0,1,1,5000
866,284,5,1,771,0,1,1,0
867,284,102,9,329,0,1,1,0
868,284,57,1,1312,0,1,1,0
869,284,31,5,800,0,1,1,0
870,284,32,6,1606,0,1,1,0
871,284,99,3,293,0,1,1,0
872,284,81,2,39,0,1,1,0
873,284,45,2,777,0,1,1,500
874,284,16,2,1906,0,1,1,0
875,284,95,6,1898,0,1,1,0
876,284,77,3,881,0,1,1,0
877,284,64,4,931,0,1,1,0
878,284,101,8,113,0,1,1,0
879,284,71,3,584,0,1,1,0
880,284,100,9,631,0,1,1,0
881,284,27,3,518,0,1,1,600
882,284,67,4,1366,1,1,1,0
883,284,6,2,2491,0,1,1,0
884,284,95,6,2816,0,1,1,0
885,260,97,7,4997,0,1,1,0
886,284,72,9,895,0,1,1,0
887,284,61,8,1058,0,1,1,0
888,68,1,11,4994,0,1,1,0
889,284,13,9,5,0,1,1,0
890,284,50,3,375,0,1,1,0
891,284,27,3,1336,0,1,1,600
892,284,67,4,1397,0,1,1,0
893,284,47,10,3209,0,1,1,0
894,284,72,9,218,0,1,1,0
895,284,78,1,901,0,1,1,0
896,284,63,1,313,0,1,1,0
897,284,91,11,1421,0,1,1,0
898,284,105,6,97,0,1,1,0
899,284,61,8,2612,0,1,1,0
900,284,21,2,39,0,1,1,0
901,284,24,6,624,1,1,1,0
902,284,95,6,2078,0,1,1,0
903,240,54,3,5097,0,1,1,0
904,284,71,3,112,0,1,1,0
905,284,88,1,324,0,1,1,0
906,284,57,1,1718,0,1,1,0
907,284,92,10,502,0,1,1,0
908,284,9,7,520,0,1,1,0
909,284,12,1,3393,0,1,1,0
910,284,19,6,64,0,1,1,0
911,284,58,8,338,0,1,1,0
912,284,71,3,375,0,1,1,0
913,284,9,7,59,0,1,1,0
914,284,100,9,307,0,1,1,0
915,284,65,1,2485,0,1,1,0
916,284,58,8,796,0,1,1,0
917,284,92,10,1000,0,1,1,0
918,284,2,5,2300,0,1,1,0
919,284,98,3,1535,0,1,1,0
920,284,82,10,722,0,1,1,0
921,284,82,10,1140,0,1,1,0
922,156,75,9,5090,0,1,1,0
923,284,11,1,1420,0,1,1,0
924,284,22,10,343,0,1,1,0
925,284,50,3,795,0,1,1,0
926,284,34,9,609,0,1,1,0
927,284,2,5,917,0,1,1,0
928,284,14,11,111,0,1,1,0
929,284,92,10,332,0,1,1,0
930,284,95,6,2463,0,1,1,0
931,284,81,2,105,0,1,1,0
932,284,10,2,1182,0,1,1,0
933,284,32,6,1650,0,1,1,0
934,284,32,6,2728,0,1,1,0
935,284,64,4,603,0,1,1,0
936,284,1,11,56,0,1,1,0
937,284,56,7,619,0,1,1,0
938,284,66,1,1014,0,1,1,0
939,284,88,1,771,0,1,1,0
940,284,83,1,804,0,1,1,600
941,284,27,3,923,0,1,1,600
942,284,6,2,2637,0,1,1,0
943,284,17,7,2084,0,1,1,100
944,284,91,11,1664,0,1,1,0
945,284,13,9,820,0,1,1,0
946,284,58,8,1017,0,1,1,0
947,284,16,2,3421,0,1,1,0
948,284,31,5,117,0,1,1,0
949,284,39,10,940,0,1,1,0
950,284,101,8,1190,0,1,1,0
951,284,2,5,2649,0,1,1,0
952,217,5,1,5085,0,1,1,0
953,284,84,1,224,0,1,1,0
954,284,53,11,438,0,1,1,0
955,284,87,1,703,0,1,1,0
956,284,44,3,386,0,1,1,0
957,284,69,10,1704,1,1,1,0
958,284,5,1,99,0,1,1,0
959,284,50,3,171,0,1,1,0
960,284,44,3,806,0,1,1,0
961,284,39,10,1759,0,1,1,0
962,284,55,3,46,0,1,1,0
963,284,34,9,3239,0,1,1,0
964,284,38,5,331,0,1,1,0
965,284,57,1,560,0,1,1,0
966,284,102,9,776,0,1,1,0
967,128,56,7,5079,0,1,1,0
968,284,105,6,31,0,1,1,0
969,284,13,9,1126,0,1,1,0
970,284,98,3,1244,0,1,1,0
971,284,88,1,99,0,1,1,0
972,284,20,6,75,0,1,1,0
973,284,96,5,1330,0,1,1,0
974,284,92,10,1492,0,1,1,0
975,284,7,1,2886,0,1,1,0
976,284,8,5,62,0,1,1,0
977,284,69,10,2356,0,1,1,0
978,284,72,9,16,0,1,1,0
979,284,39,10,1439,0,1,1,0
980,83,23,10,5082,0,1,1,0
981,284,34,9,273,0,1,1,0
982,284,16,2,2985,0,1,1,0
983,284,39,10,3132,0,1,1,0
984,284,61,8,2895,0,1,1,0
985,284,17,7,696,0,1,1,100
986,284,62,9,207,0,1,1,0
987,284,11,1,2026,0,1,1,0
988,328,79,1,5037,0,1,1,0
989,284,4,5,778,0,1,1,0
990,284,96,5,917,0,1,1,0
991,284,26,11,148,0,1,1,0
992,243,27,3,5058,0,1,1,600
993,23,104,1,5105,0,1,1,0
994,284,60,1,747,0,1,1,0
995,217,88,1,5085,0,1,1,0
996,284,83,1,659,0,1,1,600
997,284,61,8,2711,0,1,1,0
998,68,44,3,4995,0,1,1,0
999,284,23,10,177,0,1,1,0
1000,284,56,7,283,0,1,1,0
1001,284,4,5,369,0,1,1,0
1002,284,7,1,2620,0,1,1,0
1003,284,69,10,3165,0,1,1,0
1004,284,9,7,925,0,1,1,0
1005,284,38,5,778,0,1,1,0
1006,284,82,10,1074,0,1,1,0
1007,250,5,1,5075,0,1,1,0
1008,284,96,5,3241,0,1,1,0
1009,284,76,1,406,0,1,1,700
1010,284,101,8,2116,0,1,1,0
1011,284,13,9,2768,0,1,1,0
1012,284,51,5,789,0,1,1,0
1013,284,95,6,3413,0,1,1,0
1014,284,101,8,47,0,1,1,0
1015,284,3,10,1298,0,1,1,0
1016,375,95,6,5026,0,1,1,0
1017,376,39,10,5103,0,1,1,0
1018,284,96,5,721,0,1,1,0
1019,284,11,1,1696,0,1,1,0
1020,284,83,1,459,0,1,1,600
1021,284,13,9,2570,0,1,1,0
1022,284,97,7,399,0,1,1,0
1023,284,13,9,1284,0,1,1,0
1024,263,74,8,5030,0,1,1,0
1025,284,92,10,962,0,1,1,0
1026,284,46,11,385,0,1,1,0
1027,284,24,6,490,0,1,1,0
1028,284,58,8,717,0,1,1,0
1029,284,64,4,2167,0,1,1,0
1030,284,69,10,1074,0,1,1,0
1031,284,81,2,330,0,1,1,0
1032,284,86,2,1252,0,1,1,0
1033,284,23,10,456,0,1,1,0
1034,284,7,1,1577,0,1,1,0
1035,284,16,2,2648,0,1,1,0
1036,284,76,1,538,0,1,1,700
1037,284,26,11,1302,0,1,1,0
1038,284,74,8,194,0,1,1,0
1039,284,77,3,270,0,1,1,0
1040,284,14,11,374,0,1,1,0
1041,284,36,7,1831,0,1,1,100
1042,324,93,6,5002,0,1,1,0
1043,284,66,1,692,0,1,1,0
1044,284,52,11,869,0,1,1,0
1045,284,91,11,2027,0,1,1,0
1046,284,34,9,2570,0,1,1,0
1047,284,43,6,156,0,1,1,0
1048,284,90,2,330,0,1,1,0
1049,284,62,9,486,0,1,1,0
1050,284,61,8,739,1,1,1,0
1051,284,2,5,1330,0,1,1,0
1052,284,98,3,1947,0,1,1,0
1053,284,87,1,3001,0,1,1,0
1054,284,9,7,350,0,1,1,0
1055,284,60,1,77,0,1,1,0
1056,284,1,11,122,0,1,1,0
1057,284,54,3,364,0,1,1,0
1058,284,101,8,508,0,1,1,0
1059,284,57,1,1442,0,1,1,0
1060,284,34,9,2020,0,1,1,0
1061,284,11,1,2070,0,1,1,0
1062,284,50,3,112,0,1,1,0
1063,284,93,6,288,0,1,1,0
1064,284,32,6,745,0,1,1,0
1065,191,5,1,5017,0,1,1,0
1066,284,68,4,142,0,1,1,0
1067,284,58,8,585,0,1,1,0
1068,284,27,3,2203,0,1,1,600
1069,284,49,8,216,0,1,1,0
1070,284,14,11,292,0,1,1,0
1071,284,95,6,457,0,1,1,0
1072,284,89,2,874,0,1,1,0
1073,284,19,6,668,0,1,1,0
1074,284,54,3,2855,0,1,1,0
1075,284,2,5,3241,0,1,1,0
1076,284,72,9,831,0,1,1,0
1077,284,4,5,853,0,1,1,0
1078,284,69,10,3231,0,1,1,0
1079,284,77,3,68,0,1,1,0
1080,284,24,6,835,0,1,1,0
1081,284,45,2,39,0,1,1,500
1082,284,92,10,579,0,1,1,0
1083,284,44,3,57,0,1,1,0
1084,284,34,9,3332,0,1,1,0
1085,284,15,2,432,0,1,1,0
1086,284,9,7,2734,0,1,1,0
1087,225,78,1,5021,0,1,1,0
1088,284,11,1,2421,0,1,1,0
1089,284,34,9,2448,0,1,1,0
1090,284,28,10,221,0,1,1,0
1091,284,32,6,536,0,1,1,0
1092,284,58,8,1754,0,1,1,0
1093,284,40,5,242,0,1,1,0
1094,284,92,10,243,0,1,1,0
1095,284,9,7,2657,0,1,1,0
1096,284,64,4,814,0,1,1,0
1097,284,64,4,669,0,1,1,0
1098,284,96,5,1469,0,1,1,0
1099,284,92,10,1563,0,1,1,0
1100,284,47,10,2220,0,1,1,0
1101,284,33,5,1183,0,1,1,0
1102,284,68,4,76,0,1,1,0
1103,284,35,4,436,0,1,1,0
1104,284,6,2,1373,0,1,1,0
1105,284,64,4,2325,0,1,1,0
1106,284,63,1,88,0,1,1,0
1107,284,21,2,105,0,1,1,0
1108,284,76,1,1077,0,1,1,700
1109,284,28,10,210,0,1,1,0
1110,284,60,1,481,0,1,1,0
1111,284,34,9,820,0,1,1,0
1112,284,48,6,20,0,1,1,0
1113,284,20,6,9,0,1,1,0
1114,284,40,5,165,0,1,1,0
1115,99,39,10,5064,0,1,1,0
1116,284,97,7,883,0,1,1,0
1117,284,72,9,207,0,1,1,0
1118,284,63,1,224,0,1,1,0
1119,284,18,1,346,0,1,1,0
1120,284,32,6,1185,0,1,1,0
1121,284,17,7,1949,0,1,1,100
1122,284,96,5,3422,0,1,1,0
1123,284,9,7,2918,0,1,1,0
1124,284,39,10,1287,0,1,1,0
1125,284,21,2,852,0,1,1,0
1126,284,10,2,1149,0,1,1,0
1127,284,75,9,831,0,1,1,0
1128,284,76,1,890,0,1,1,700
1129,373,15,2,5091,0,1,1,0
1130,284,43,6,97,0,1,1,0
1131,284,71,3,859,0,1,1,0
1132,284,87,1,1154,0,1,1,0
1133,284,13,9,2020,0,1,1,0
1134,284,58,8,651,0,1,1,0
1135,284,94,11,5076,0,1,1,0
1136,284,63,1,837,0,1,1,0
1137,284,16,2,2909,1,1,1,0
1138,284,13,9,2184,0,1,1,0
1139,284,31,5,176,0,1,1,0
1140,284,29,7,217,0,1,1,0
1141,284,104,1,769,0,1,1,0
1142,284,57,1,1154,0,1,1,0
1143,284,76,1,1707,0,1,1,700
1144,284,6,2,2075,0,1,1,0
1145,284,72,9,620,0,1,1,0
1146,284,26,11,693,0,1,1,0
1147,284,98,3,1862,1,1,1,0
1148,284,95,6,2133,0,1,1,0
1149,284,71,3,248,0,1,1,0
1150,284,5,1,302,0,1,1,0
1151,284,71,3,784,0,1,1,0
1152,284,88,1,437,0,1,1,0
1153,146,95,6,5104,0,1,1,0
1154,284,34,9,741,0,1,1,0
1155,284,39,10,744,0,1,1,0
1156,83,22,10,5082,0,1,1,0
1157,284,60,1,143,0,1,1,0
1158,284,15,2,230,0,1,1,0
1159,284,31,5,655,0,1,1,0
1160,23,57,1,5105,0,1,1,0
1161,284,103,10,19,0,1,1,0
1162,284,101,8,1509,0,1,1,0
1163,284,102,9,163,0,1,1,0
1164,284,27,3,3192,0,1,1,600
1165,284,76,1,615,0,1,1,700
1166,284,9,7,463,0,1,1,0
1167,284,64,4,1344,0,1,1,0
1168,284,67,4,1684,0,1,1,0
1169,284,57,1,3001,0,1,1,0
1170,217,53,11,5086,0,1,1,0
1171,141,32,6,5056,0,1,1,0
1172,284,76,1,77,0,1,1,700
1173,284,67,4,548,0,1,1,0
1174,284,13,9,3332,0,1,1,0
1175,284,105,6,300,0,1,1,0
1176,284,4,5,578,0,1,1,0
1177,284,69,10,1140,0,1,1,0
1178,284,22,10,801,0,1,1,0
1179,284,76,1,826,0,1,1,700
1180,284,76,1,3168,0,1,1,700
1181,284,58,8,1326,0,1,1,0
1182,284,19,6,877,0,1,1,0
1183,284,56,7,894,0,1,1,0
1184,284,74,8,3,0,1,1,0
1185,284,38,5,369,0,1,1,0
1186,284,41,1,147,0,1,1,0
1187,284,89,2,352,0,1,1,0
1188,284,2,5,1637,0,1,1,0
1189,284,75,9,82,0,1,1,0
1190,284,25,3,193,0,1,1,0
1191,284,51,5,380,0,1,1,0
1192,284,60,1,1356,0,1,1,0
1193,181,99,3,5019,0,1,1,0
1194,156,101,8,5088,0,1,1,0
1195,284,3,10,1964,0,1,1,0
1196,129,15,2,5033,0,1,1,0
1197,284,86,2,1215,0,1,1,0
1198,284,87,1,1378,0,1,1,0
1199,284,92,10,2872,0,1,1,0
1200,284,11,1,1268,0,1,1,0
1201,284,60,1,1290,0,1,1,0
1202,284,1,11,258,0,1,1,0
1203,284,94,11,583,0,1,1,0
1204,284,39,10,3465,0,1,1,0
1205,284,6,2,3410,0,1,1,0
1206,284,42,4,201,0,1,1,0
1207,284,13,9,1690,0,1,1,0
1208,284,33,5,2011,0,1,1,0
1209,68,46,11,4994,0,1,1,0
1210,284,60,1,1431,0,1,1,0
1211,284,66,1,2620,0,1,1,0
1212,284,57,1,1967,0,1,1,0
1213,284,60,1,615,0,1,1,0
1214,284,65,1,1889,0,1,1,0
1215,284,1,11,385,0,1,1,0
1216,284,62,9,620,0,1,1,0
1217,284,86,2,1171,0,1,1,0
1218,284,96,5,1264,0,1,1,0
1219,284,58,8,113,0,1,1,0
1220,284,31,5,253,0,1,1,0
1221,284,47,10,2056,0,1,1,0
1222,284,101,8,2889,0,1,1,0
1223,284,103,10,210,0,1,1,0
1224,284,86,2,1384,0,1,1,0
1225,284,37,5,1681,0,1,1,0
1226,284,1,11,181,0,1,1,0
1227,284,44,3,259,0,1,1,0
1228,284,92,10,1975,0,1,1,0
1229,284,64,4,356,0,1,1,0
1230,284,54,3,496,1,1,1,0
1231,284,13,9,532,0,1,1,0
1232,284,92,10,445,0,1,1,0
1233,284,47,10,3253,0,1,1,0
1234,284,9,7,3364,0,1,1,0
1235,284,36,7,3161,0,1,1,100
1236,284,90,2,164,0,1,1,0
1237,284,92,10,1044,0,1,1,0
1238,284,65,1,1055,0,1,1,0
1239,284,104,1,1312,0,1,1,0
1240,284,70,3,795,0,1,1,0
1241,284,16,2,1329,0,1,1,0
1242,284,96,5,2649,0,1,1,0
1243,284,60,1,11,0,1,1,0
1244,284,29,7,894,0,1,1,0
1245,284,91,11,2268,1,1,1,0
1246,284,42,4,480,0,1,1,0
1247,284,55,3,784,0,1,1,0
1248,284,33,5,2682,0,1,1,0
1249,284,2,5,1834,0,1,1,0
1250,284,94,11,45,0,1,1,0
1251,284,19,6,355,0,1,1,0
1252,284,54,3,848,0,1,1,0
1253,284,47,10,2548,0,1,1,0
1254,284,13,9,2064,0,1,1,0
1255,284,36,7,1070,0,1,1,100
1256,284,58,8,1260,0,1,1,0
1257,284,6,2,2240,0,1,1,0
1258,284,59,1,88,0,1,1,5000
1259,284,12,1,1301,0,1,1,0
1260,284,92,10,370,0,1,1,0
1261,284,34,9,2342,0,1,1,0
1262,284,25,3,397,0,1,1,0
1263,284,36,7,696,0,1,1,100
1264,284,9,7,872,0,1,1,0
1265,284,32,6,1354,0,1,1,0
1266,284,101,8,1992,0,1,1,0
1267,284,53,11,34,0,1,1,0
1268,284,105,6,233,0,1,1,0
1269,284,2,5,2503,0,1,1,0
1270,284,78,1,837,0,1,1,0
1271,284,20,6,888,0,1,1,0
1272,284,57,1,3338,0,1,1,0
1273,284,45,2,164,0,1,1,500
1274,284,62,9,411,0,1,1,0
1275,284,22,10,590,0,1,1,0
1276,284,11,1,2234,0,1,1,0
1277,284,25,3,134,0,1,1,0
1278,284,12,1,976,0,1,1,0
1279,284,47,10,2944,1,1,1,0
1280,225,59,1,5021,0,1,1,5000
1281,284,54,3,2992,0,1,1,0
1282,284,41,1,492,0,1,1,0
1283,284,13,9,675,0,1,1,0
1284,284,82,10,3275,0,1,1,0
1285,284,90,2,852,0,1,1,0
1286,284,23,10,865,0,1,1,0
1287,189,54,3,5023,0,1,1,0
1288,284,47,10,524,0,1,1,0
1289,284,104,1,1442,0,1,1,0
1290,324,71,3,5087,0,1,1,0
1291,284,54,3,983,0,1,1,0
1292,284,6,2,1307,0,1,1,0
1293,284,17,7,1466,0,1,1,100
1294,156,58,8,5088,0,1,1,0
1295,284,62,9,218,0,1,1,0
1296,284,86,2,1072,0,1,1,0
1297,284,54,3,160,0,1,1,0
1298,284,95,6,514,0,1,1,0
1299,284,51,5,800,0,1,1,0
1300,284,17,7,553,0,1,1,100
1301,284,68,4,680,0,1,1,0
1302,284,66,1,1751,0,1,1,0
1303,217,48,6,5084,0,1,1,0
1304,284,54,3,3126,0,1,1,0
1305,284,59,1,417,0,1,1,5000
1306,284,33,5,2055,0,1,1,0
1307,284,27,3,2520,0,1,1,600
1308,284,71,3,46,0,1,1,0
1309,284,48,6,288,0,1,1,0
1310,284,60,1,1143,0,1,1,0
1311,284,82,10,2356,0,1,1,0
1312,284,82,10,1704,1,1,1,0
1313,284,101,8,1260,0,1,1,0
1314,284,27,3,2269,0,1,1,600
1315,284,30,4,504,0,1,1,0
1316,284,58,8,1992,0,1,1,0
1317,284,23,10,118,0,1,1,0
1318,284,55,3,375,0,1,1,0
1319,284,28,10,414,0,1,1,0
1320,284,59,1,837,0,1,1,5000
1321,284,34,9,71,0,1,1,0
1322,284,93,6,899,0,1,1,0
1323,284,25,3,68,0,1,1,0
1324,284,13,9,71,0,1,1,0
1325,284,33,5,1394,0,1,1,0
1326,284,65,1,2282,0,1,1,0
1327,284,64,4,131,0,1,1,0
1328,284,16,2,720,0,1,1,0
1329,284,33,5,2219,0,1,1,0
1330,284,67,4,2830,0,1,1,0
1331,284,101,8,796,0,1,1,0
1332,284,36,7,1466,0,1,1,100
1333,284,7,1,1878,0,1,1,0
1334,284,54,3,237,0,1,1,0
1335,284,45,2,368,0,1,1,500
1336,284,25,3,881,0,1,1,0
1337,284,54,3,1958,0,1,1,0
1338,296,97,7,5099,0,1,1,0
1339,284,75,9,620,0,1,1,0
1340,284,27,3,2960,0,1,1,600
1341,56,95,6,5094,0,1,1,0
1342,284,83,1,593,0,1,1,600
1343,284,14,11,783,0,1,1,0
1344,284,6,2,2974,0,1,1,0
1345,21,5,1,5027,0,1,1,0
1346,284,32,6,1288,0,1,1,0
1347,94,100,9,5032,0,1,1,0
1348,284,59,1,147,0,1,1,5000
1349,284,50,3,337,0,1,1,0
1350,284,51,5,342,0,1,1,0
1351,284,58,8,1881,0,1,1,0
1352,284,6,2,2813,0,1,1,0
1353,284,34,9,137,0,1,1,0
1354,284,53,11,363,0,1,1,0
1355,284,6,2,698,0,1,1,0
1356,284,47,10,733,0,1,1,0
1357,284,57,1,1198,0,1,1,0
1358,284,47,10,2440,0,1,1,0
1359,284,60,1,2719,0,1,1,0
1360,284,51,5,455,0,1,1,0
1361,284,4,5,331,0,1,1,0
1362,284,47,10,1875,0,1,1,0
1363,284,37,5,2682,0,1,1,0
1364,284,99,3,46,0,1,1,0
1365,284,8,5,128,0,1,1,0
1366,284,39,10,3324,0,1,1,0
1367,284,10,2,927,0,1,1,0
1368,128,49,8,5078,0,1,1,0
1369,284,75,9,284,0,1,1,0
1370,284,13,9,884,0,1,1,0
1371,284,80,6,130,0,1,1,500
1372,284,26,11,418,0,1,1,0
1373,284,61,8,2351,0,1,1,0
1374,284,14,11,45,0,1,1,0
1375,284,4,5,106,0,1,1,0
1376,284,84,1,417,0,1,1,0
1377,284,50,3,584,0,1,1,0
1378,284,14,11,858,0,1,1,0
1379,284,48,6,899,0,1,1,0
1380,284,104,1,1198,0,1,1,0
1381,250,88,1,5075,0,1,1,0
1382,284,72,9,486,0,1,1,0
1383,284,9,7,2511,0,1,1,0
1384,284,52,11,385,0,1,1,0
1385,284,40,5,644,0,1,1,0
1386,284,91,11,1620,0,1,1,0
1387,284,33,5,1681,0,1,1,0
1388,284,101,8,3396,0,1,1,0
1389,115,22,10,5001,0,1,1,0
1390,70,38,5,5092,0,1,1,0
1391,284,70,3,248,0,1,1,0
1392,284,97,7,4,0,1,1,0
1393,284,7,1,549,0,1,1,0
1394,284,38,5,242,0,1,1,0
1395,284,12,1,758,0,1,1,0
1396,284,2,5,2986,0,1,1,0
1397,284,55,3,112,0,1,1,0
1398,284,101,8,172,0,1,1,0
1399,284,44,3,661,0,1,1,0
1400,284,6,2,1061,0,1,1,0
1401,284,33,5,1117,0,1,1,0
1402,284,31,5,342,0,1,1,0
1403,115,23,10,5001,0,1,1,0
1404,284,9,7,663,0,1,1,0
1405,284,21,2,777,0,1,1,0
1406,284,26,11,1368,0,1,1,0
1407,284,27,3,2039,0,1,1,600
1408,150,32,6,5074,0,1,1,0
1409,284,95,6,178,0,1,1,0
1410,284,45,2,643,0,1,1,500
1411,284,9,7,1612,0,1,1,0
1412,284,60,1,279,0,1,1,0
1413,284,90,2,643,0,1,1,0
1414,284,79,1,725,0,1,1,0
1415,284,29,7,15,0,1,1,0
1416,284,87,1,1718,0,1,1,0
1417,284,56,7,81,0,1,1,0
1418,284,99,3,248,0,1,1,0
1419,284,41,1,22,0,1,1,0
1420,284,23,10,254,0,1,1,0
1421,284,58,8,785,0,1,1,0
1422,284,87,1,1555,0,1,1,0
1423,284,68,4,201,0,1,1,0
1424,284,13,9,937,0,1,1,0
1425,284,34,9,1350,0,1,1,0
1426,284,9,7,2150,0,1,1,0
1427,284,23,10,52,0,1,1,0
1428,284,41,1,88,0,1,1,0
1429,284,5,1,324,0,1,1,0
1430,284,13,9,400,0,1,1,0
1431,284,90,2,777,0,1,1,0
1432,284,92,10,779,0,1,1,0
1433,284,13,9,1403,1,1,1,0
1434,284,34,9,2952,0,1,1,0
1435,284,34,9,1030,0,1,1,0
1436,23,87,1,5105,0,1,1,0
1437,192,23,10,5093,0,1,1,0
1438,284,66,1,1989,0,1,1,0
1439,284,89,2,61,0,1,1,0
1440,284,28,10,287,0,1,1,0
1441,284,57,1,703,0,1,1,0
1442,284,38,5,444,0,1,1,0
1443,156,72,9,5090,0,1,1,0
1444,284,57,1,769,0,1,1,0
1445,277,86,2,5043,0,1,1,0
1446,284,12,1,1014,0,1,1,0
1447,284,54,3,326,0,1,1,0
1448,284,17,7,1305,0,1,1,100
1449,284,34,9,675,0,1,1,0
1450,284,69,10,722,0,1,1,0
1451,284,12,1,1367,0,1,1,0
1452,284,11,1,2454,0,1,1,0
1453,284,95,6,1595,0,1,1,0
1454,284,12,1,2886,0,1,1,0
1455,284,11,1,2958,0,1,1,0
1456,284,105,6,322,0,1,1,0
1457,284,67,4,3101,0,1,1,0
1458,284,15,2,94,0,1,1,0
1459,284,34,9,1126,0,1,1,0
1460,284,11,1,1334,0,1,1,0
1461,284,75,9,411,0,1,1,0
1462,284,41,1,901,0,1,1,0
1463,284,15,2,28,0,1,1,0
1464,284,55,3,171,0,1,1,0
1465,284,95,6,289,0,1,1,0
1466,284,100,9,431,0,1,1,0
1467,284,48,6,86,0,1,1,0
1468,284,74,8,673,0,1,1,0
1469,284,69,10,918,0,1,1,0
1470,284,37,5,2333,0,1,1,0
1471,284,80,6,355,0,1,1,500
1472,284,68,4,405,0,1,1,0
1473,284,77,3,397,0,1,1,0
1474,284,59,1,492,0,1,1,5000
1475,178,31,5,5014,0,1,1,0
1476,284,102,9,296,0,1,1,0
1477,284,82,10,918,0,1,1,0
1478,284,5,1,158,0,1,1,0
1479,284,27,3,2531,0,1,1,600
1480,284,12,1,692,0,1,1,0
1481,284,41,1,213,0,1,1,0
1482,284,82,10,1331,0,1,1,0
1483,284,97,7,474,0,1,1,0
1484,284,60,1,2359,0,1,1,0
1485,284,28,10,898,0,1,1,0
1486,284,96,5,2472,0,1,1,0
1487,284,68,4,614,0,1,1,0
1488,284,34,9,937,0,1,1,0
1489,284,95,6,1266,0,1,1,0
1490,183,80,6,5016,0,1,1,500
1491,284,53,11,236,0,1,1,0
1492,284,18,1,257,0,1,1,0
1493,284,52,11,347,0,1,1,0
1494,284,54,3,773,0,1,1,0
1495,284,25,3,2,0,1,1,0
1496,284,90,2,39,0,1,1,0
1497,284,10,2,1746,1,1,1,0
1498,284,96,5,977,0,1,1,0
1499,284,13,9,1030,0,1,1,0
1500,284,10,2,1437,0,1,1,0
1501,284,12,1,2113,0,1,1,0
1502,284,37,5,2759,0,1,1,0
1503,284,15,2,308,0,1,1,0
1504,284,55,3,650,0,1,1,0
1505,284,67,4,3326,0,1,1,0
1506,284,27,3,2028,0,1,1,600
1507,284,4,5,165,0,1,1,0
1508,284,5,1,571,0,1,1,0
1509,284,16,2,2502,0,1,1,0
1510,284,13,9,609,0,1,1,0
1511,284,29,7,830,0,1,1,0
1512,284,36,7,3117,0,1,1,100
1513,284,61,8,3449,0,1,1,0
1514,284,104,1,1967,0,1,1,0
1515,284,43,6,31,0,1,1,0
1516,284,93,6,222,0,1,1,0
1517,284,20,6,679,0,1,1,0
1518,284,18,1,180,0,1,1,0
1519,284,86,2,1800,0,1,1,0
1520,284,91,11,3191,0,1,1,0
1521,284,76,1,11,0,1,1,700
1522,284,67,4,2564,0,1,1,0
1523,284,38,5,106,0,1,1,0
1524,284,58,8,508,0,1,1,0
1525,284,47,10,1503,0,1,1,0
1526,284,45,2,330,0,1,1,500
1527,284,101,8,860,0,1,1,0
1528,284,101,8,376,0,1,1,0
1529,284,58,8,1190,0,1,1,0
1530,128,72,9,5080,0,1,1,0
1531,284,78,1,147,0,1,1,0
1532,284,100,9,840,0,1,1,0
1533,284,100,9,152,0,1,1,0
1534,284,57,1,1762,0,1,1,0
1535,284,27,3,2743,0,1,1,600
1536,284,13,9,196,0,1,1,0
1537,284,91,11,2698,0,1,1,0
1538,284,78,1,22,0,1,1,0
1539,284,105,6,426,0,1,1,0
1540,284,64,4,2047,0,1,1,0
1541,284,13,9,137,0,1,1,0
1542,284,78,1,224,0,1,1,0
1543,284,84,1,492,0,1,1,0
1544,284,86,2,1735,1,1,1,0
1545,284,93,6,20,0,1,1,0
1546,284,59,1,213,0,1,1,5000
1547,284,29,7,206,0,1,1,0
1548,284,58,8,376,0,1,1,0
1549,284,64,4,65,0,1,1,0
1550,284,44,3,123,0,1,1,0
1551,284,65,1,1257,0,1,1,0
1552,284,19,6,130,0,1,1,0
1553,284,69,10,1331,0,1,1,0
1554,284,14,11,449,0,1,1,0
1555,284,32,6,941,0,1,1,0
1556,284,79,1,516,0,1,1,0
1557,284,9,7,1338,0,1,1,0
1558,284,70,3,293,0,1,1,0
1559,284,74,8,398,0,1,1,0
1560,284,85,8,618,0,1,1,0
1561,284,34,9,1690,0,1,1,0
1562,284,39,10,3286,0,1,1,0
1563,181,55,3,5019,0,1,1,0
1564,284,63,1,417,0,1,1,0
1565,284,33,5,3208,0,1,1,0
1566,284,74,8,818,0,1,1,0
1567,284,3,10,1481,0,1,1,0
1568,284,37,5,1183,0,1,1,0
1569,284,67,4,1933,0,1,1,0
1570,284,76,1,2359,0,1,1,700
1571,284,102,9,367,0,1,1,0
1572,284,49,8,409,0,1,1,0
1573,284,2,5,3088,0,1,1,0
1574,32,54,3,5107,0,1,1,0
1575,284,78,1,313,0,1,1,0
1576,284,12,1,1506,0,1,1,0
1577,284,45,2,297,0,1,1,500
1578,284,91,11,2530,0,1,1,0
1579,284,92,10,166,0,1,1,0
1580,284,63,1,626,0,1,1,0
1581,284,37,5,2175,0,1,1,0
1582,284,42,4,680,0,1,1,0
1583,70,4,5,5092,0,1,1,0
1584,284,27,3,2159,0,1,1,600
1585,284,73,6,360,0,1,1,0
1586,284,73,6,426,0,1,1,0
1587,284,8,5,875,0,1,1,0
1588,284,80,6,813,0,1,1,500
1589,284,26,11,1785,0,1,1,0
1590,284,61,8,2700,0,1,1,0
1591,284,51,5,176,0,1,1,0
1592,284,32,6,3466,0,1,1,0
1593,284,40,5,369,0,1,1,0
1594,284,54,3,1840,0,1,1,0
1595,284,48,6,211,0,1,1,0
1596,284,9,7,261,0,1,1,0
1597,284,68,4,278,0,1,1,0
1598,284,36,7,1371,0,1,1,100
1599,284,51,5,864,0,1,1,0
1600,284,37,5,2547,0,1,1,0
1601,284,58,8,294,0,1,1,0
1602,284,86,2,1984,0,1,1,0
1603,284,102,9,104,0,1,1,0
1604,284,86,2,2108,0,1,1,0
1605,284,27,3,2192,0,1,1,600
1606,284,61,8,530,0,1,1,0
1607,284,53,11,638,0,1,1,0
1608,284,2,5,721,0,1,1,0
1609,284,8,5,353,0,1,1,0
1610,284,58,8,1509,0,1,1,0
1611,284,4,5,40,0,1,1,0
1612,284,71,3,293,0,1,1,0
1613,284,86,2,500,0,1,1,0
1614,284,54,3,573,0,1,1,0
1615,284,61,8,2237,0,1,1,0
1616,284,99,3,171,0,1,1,0
1617,284,8,5,391,0,1,1,0
1618,284,81,2,577,0,1,1,0
1619,284,54,3,101,0,1,1,0
1620,284,74,8,271,0,1,1,0
1621,284,54,3,439,0,1,1,0
1622,284,66,1,549,0,1,1,0
1623,92,20,6,4992,0,1,1,0
1624,284,16,2,1603,0,1,1,0
